SongID,Title,Duration,Hotness,Genre
SOHHGUG12A6D4F4E77,I Got Stripes (Live),112.95302,0.735208877747,country
SOOCWAO12AB01852C1,Bo Diddley,463.49016,0.482486802139,rock
SOFEAJC12A58A7F3AA,A Hard Road,304.8224,0.405234690787,rock
SOESWTI12AB0184D39,Sta giu' (feat. Dj Rockdrive),222.17098,0.343844499414,pop
SOPNFTX12A67020455,Get On Top (Album Version),198.05995,0.576903815588,rock
SOKWXEW12A6D4F7F9E,Crawling Up A Hill - version 2 - mono_ live,142.602,0.405234690787,rock
SOQIDEF12A8C139B23,Don't Go Knockin' On My Door,223.52934,0.631289507585,pop
SOHWVJJ12AB0185F6D,Fool For Your Loving,250.3571,0.531303318565,rock
SOUDSJF12A8C13C36D,Ja (Hanno's Poppersmonstermix),357.85098,0.397569595443,pop
SOBPHTZ12A8C134095,Journey To Love,282.69669,0.464886257132,rock
SOYSRRY12A6310E1C1,It's Not Me,230.42567,0.608849018571,rock
SOFUBUF12AC3DF98FF,Bubblegum,145.78893,0.34700692093,pop
SOPZMUP12AB018C070,Airheads,318.9024,0.508558252473,pop
SOAECHX12A6D4FC3D9,Yippiyo-Ay,271.85587,0.524449470713,rock
SOCTJIL12A67ADAF3F,Bury Your Head,212.29669,0.563763752282,rock
SOSYMSX12A6310DFE2,Subterranean Homesick Alien,267.20608,0.683658060202,rock
SOGEBZO12A67ADF488,Young Blood (2007 Digital Remaster),209.99791,0.531303318565,rock
SOLHVZC12A8C14307F,Stand By Your Man,159.60771,0.409196035655,country
SOHGYDF12A6D4FCD5E,Get Up & Go,173.68771,0.414578836544,country
SOPOFBK12AF729EEBE,Answer In The Question,129.88036,0.537675628064,rock
SOHNBNW12A6D4F7323,Monarchy Now,252.96934,0.485781602275,pop
SOOLVIB12A8C1408E2,Brother,267.36281,0.582921576451,rock
SORFAAB12A6D4F7EAC,Rockin' Every Night (Live),198.79138,0.467110648585,rock
SOAOWLA12A6D4F7DD4,New York (Dave Goodman Demo Version) (Explicit),186.40934,0.549204383877,rock
SOGRKKB12A8C14595A,HISTORY,249.99138,0.766545450757,pop
SOSMURO12A8C13BBFE,Sarah Yellin',208.97914,0.642982219877,rock
SOIMJSO12AB0182125,This White Circle,172.48608,0.380728239612,country
SOPWTLC12AB0184E34,Broke Down On The Brazos (Album),378.95791,0.527548582288,rock
SOJMLXA12A8C12FB20,Brother,304.71791,0.543954417056,rock
SOZHDIA12A58A80F93,Midnight,185.70404,0.622208960129,rock
SOGPDBF12A6D4F7FAB,Blues City Shake Down,142.15791,0.405234690787,rock
SOSNIRJ12A6D4FA0BD,Nothing's The Same,304.95302,0.467110648585,rock
SOYPQHV12A67ADF698,Now I Got A Woman,264.6722,0.405234690787,rock
SOMJNVK12A6D4FC4B2,American Ghost Dance (2003 Digital Remastered),231.23546,0.576903815588,rock
SOCGBIR12A6D4F601E,Washed Away,320.44363,0.371786733457,country
SOWDZZQ12A670215BD,Can't Stop Lovin' You (Remastered Album Version),248.18893,0.579988982429,rock
SOYNBBT12A8AE46457,Irreplaceable (Irreemplazable),230.55628,0.612067268298,pop
SOBIJGQ12A8C131C8F,Resistance,156.55138,0.343844499414,pop
SORKKTY12A8C132F3E,The Door,213.13261,0.536219992815,rock
SOXOMUO12AF72AA7D1,Dirty Diana,281.73016,0.766545450757,pop
SOVOBYK12A67ADD753,E,366.28853,0.500691340913,rock
SOSCHDW12A8C130FD7,Song Sung Blue,172.38159,0.564005985821,pop
SOQGFVA12A8C13AE87,We're Almost There,222.37995,0.766545450757,pop
SOYGIBP12A67020AF7,Magic,275.04281,1.00594196595,pop
SOFYIZF12A81C1FF4E,Cut Here,250.85342,0.578993548664,pop
SOYVXRJ12AB017CDD6,Ring The Alarm,212.16608,0.619431422311,pop
SOAXAPU12A67020EF9,"Dirty Movies"" (Album Version)",248.00608,0.579988982429,rock
SOJISLN12A8C135408,Hypnotise The Cat,216.63302,0.316692161547,pop
SOXOUJH12A6D4FC39B,Pocket Calculator (2009 Digital Remaster),272.03873,0.520412110054,rock
SODYLCG12AB018484B,Mr. Sellack (Album Version),243.51302,0.37225120793,rock
SOPAUNQ12A8C138555,Just A Phase,353.77587,0.579441937886,rock
SOHMIIR12A6D223C84,Just A Little Bit Of You,192.57424,0.766545450757,pop
SONTCDQ12AC9072D1A,First Boyfriend,156.21179,0.34700692093,pop
SOYPZQB12A58A776C1,Sting Me,348.89098,0.536400010793,rock
SORMJGW12A8C144638,Moritat (Mack The Knife),210.38975,0.469425907976,pop
SONQNPM12A67020A32,Music Of The Sun,235.98975,0.908202619208,pop
SOOCPDS12A8AE469F0,My Party (Kenna Remix),225.27955,0.788805935162,rock
SOWEKTS12A6310F101,Evalia,260.75383,0.586433378718,rock
SOUKPYI12A8C1349EB,The Call,236.2771,0.592614927352,pop
SOAIURX12A67020F3B,Mine Again,241.65832,0.787005468689,pop
SODBFUB12A8C140704,Just Like Lightnin',300.82567,0.622208960129,rock
SOPWKOX12A8C139D43,Genius,168.82893,0.788805935162,rock
SOXHGFE12AAF3B1DC8,"Lala Song (Matesi DJ ""Silverstatix""remix",342.69995,0.607257279581,pop
SOKYOFO12AF72A2F06,Survivalism,256.83546,0.598458500982,rock
SOVQONJ12A8C139C4B,Let The Chips Fall,163.52608,0.38934175191,country
SOYGOKZ12A58A7C65D,Procession,573.67465,0.473700501297,rock
SOQMMLD12AB017F3CC,Still Love Remains (Album Version),354.76853,0.58001318294,pop
SOVEIBB12A8C13E5C3,Snow [Hey Oh] [Live Version],319.55546,0.576903815588,rock
SOWNICQ12A8C132752,Shape Of My Heart,173.5571,0.592614927352,pop
SOMDRBE12AB01813EA,Sweet & Dandy,169.53424,0.51799022136,rock
SOKEFDU12AB0187D54,PDA,228.38812,0.592614927352,pop
SOEARAY12A8C139C21,Hook Of Holland,271.64689,0.359185992752,rock
SOGBUZX12AB0188569,Moving Up,95.58159,0.406626217422,rock
SOVEVEW12A8C13D5A6,Mystic River,251.402,0.44793548048,rock
SOSLBDO12AB018117E,I Love It [Clubstar Remix],342.02077,0.447386029272,pop
SOGEMEJ12B34F1C5AC,Arnold Layne,202.1873,0.541656322286,rock
SOAZIRE12A6702046F,Venice Queen (Album Version),367.01995,0.57620196628,rock
SOSQILZ12AB0185AFB,I Can't Wait 'Til Christmas (LP Version),240.90077,0.426892680868,country
SOMXUAV12AB0188A0E,Dedicated To The One I Love,127.29424,0.379137555625,pop
SODTJWJ12CF5F88321,I Know Somethin (Bout You),261.77261,0.597867167602,rock
SORTPSA12A67ADBFE2,Derek Taylor - Introduction,53.78567,0.840462688027,pop
SONIHFO12CF5F87D6C,Piece Of My Heart,266.23955,0.559925868569,rock
SOJWCMG12A8AE46D46,I Love This Town,286.35383,0.71889145567,rock
SOYIUPV12AF72AC56B,Tabloid Junkie,272.71791,0.766545450757,pop
SOXBXWO12AF72A719A,She Will Never Let Me Down,125.88363,0.51799022136,rock
SOGBUUF12AB018B87E,Let's Get It Started,223.03302,1.00594196595,pop
SOBBTBP12AB017CC42,Un Amor En El Olvido,200.28036,0.389877126421,pop
SOKWQCX12AF729F29A,Old Friends,130.76853,0.510324986101,rock
SOTYSQF12A8C13E0AA,We Will Rock You,119.7971,0.779968004597,rock
SOMECAL12AF72A464D,Time Will Crawl (Extended Dance Mix),369.13587,0.594733860303,pop
SOYSVCJ12A6D4F91D2,Pushing Me Away (Album Version),190.30159,0.779118679138,rock
SOUZPOP12AB018DB4E,Celebration [Felguk Love Remix],398.15791,0.665576619159,pop
SOVJHFQ12A8C13BBF1,Be Like That,278.64771,0.642982219877,rock
SOALEHA12A8C13ECB3,Thanks A Lot,155.97669,0.628246419191,country
SOCVAKZ12AB0184D4F,Un nuovo giorno,158.95465,0.343844499414,pop
SOGBKCK12AF72A0051,Esta Muy Claro,308.4273,0.494381209086,rock
SOTUHTD12A8C133D88,Belleza Pasajera,190.04036,0.316692161547,pop
SOTWQOG12A6D4F9421,Paper Tigers (acoustic version),220.81261,0.371786733457,country
SOWIOVE12AB0183FF9,Bourrèe,87.64036,0.414578836544,country
SOVAHZK12A6310F23C,Fake Plastic Trees (Acoustic Version),281.12934,0.675887011418,rock
SOHLMRI12AB0180B3D,Flute Loop (2009 Digital Remaster),114.52036,0.591628024008,rock
SORFQYM12A58A7CEAF,That Old Gang Of Mine,145.99791,0.623970265514,pop
SOIQNWY12A67AD87D3,Truth And Lies,243.9571,0.524449470713,rock
SOXRDDV12A8C1380DD,Cruisin',331.33669,0.464886257132,rock
SOIVYLE12A67020ED4,It's You,128.33914,0.51799022136,rock
SOEMAZF12A8C131697,Fever Dream,364.53832,0.543954417056,rock
SOPXWCI12AB0188DE6,It Never Happened To Me,138.60526,0.477260389684,pop
SOPRMDL12A8C13CAF6,A Martyr For My Love For You,259.5522,0.653897217428,rock
SOPZQYB12AF72A186C,Peaceful World,218.67057,0.516771087457,pop
SOKKLMZ12AB018A141,Feeling Blue,288.70485,0.359185992752,rock
SORJGIG12A8AE46ABB,Mi Morena (Revised Live Version),286.27546,0.755149913058,pop
SOMXJIW12A8C130351,Old Friends,307.59138,0.464886257132,rock
SONERDT12AB017EE72,Never Look Back,199.05261,0.44793548048,rock
SOKEDWE12A6D4F9592,Broken Boy Soldier (KCRW Version),230.5824,0.562834751355,rock
SORCKJU12A67021859,Don't Worry About It (Edited),221.54404,0.411295232392,rock
SODDHDA12AB018CF6D,I'm A Lazy Sod (Live),126.06649,0.549204383877,rock
SORZCIC12A6310ECC9,What You Waiting For?,225.41016,0.532803541797,pop
SOQKEIO12A8C135319,Life Is Wild,159.65995,0.601186059455,rock
SOAOCAG12A6D4FA89E,Lost,232.48934,0.578993548664,pop
SORDUJI12AB0183D3F,The Hotness (ft. Shontelle),190.4322,0.908202619208,pop
SOXIVDK12AB018BAF4,Riot In Cell Block N.9,199.13098,0.383140731021,country
SOIGKCB12A6310F113,A Rush Of Blood To The Head (Live In Sydney),410.8273,0.916053228284,rock
SOUVJAU12A58A7A14B,Decide,301.71383,0.352868133562,rock
SOHAHVO12AB017D096,LDN (Warbox Original Cut Dub),234.1873,0.53540837923,pop
SOPANEB12A8C13E81E,God Smack,230.60853,0.582921576451,rock
SOXSGQH12A8C1328B2,Time Will Tell,88.73751,0.537675628064,rock
SOJRFYT12A6D4F9972,I Cannot Believe It's True,316.39465,0.578301633597,pop
SOEDKCH12AB01860C6,Shifty Disco Girl,185.36444,0.34700692093,pop
SOUNAQQ12A6701EBA8,Autobahn (Live),531.61751,0.520412110054,rock
SOAVKMN12A58A7C691,Brillantin' Brutal',228.12689,0.485781602275,pop
SOPKIWR12AF72AAB2F,Here Comes The Big Parade,251.76771,0.53105019318,pop
SONWQGF12AB018719A,It's Bad For Me (Album Version),165.98159,0.37225120793,rock
SOSCFCE12AAF3B1DE5,Break The Ice,530.12853,0.607257279581,pop
SOKPTNB12A8151DFF5,What's Your Damage?,216.45016,0.373464227764,rock
SOVGSQX12A81C22AA5,Baby's First Christmas,147.17342,0.456080519824,pop
SOSOKDL12AF729F196,Baltimore Oriole (2004 Digital Remaster),238.602,0.541602502515,pop
SOJDROX12A58A7E969,Man In A Suitcase,137.45587,0.615454461554,rock
SOAQLNO12A8C136D80,Lust for life (recorded during the us tour in 1986),294.3473,0.573554543514,rock
SONTMSY12AB017B6E1,Rosalita (Come Out Tonight),591.62077,0.838095532425,rock
SOWGZFG12A8151AF41,Monsoon,264.82893,0.677482479432,rock
SOQDVVL12A8C134181,Joe Avery's Piece,192.07791,0.53105019318,pop
SOCLHYJ12AB01820D4,Shadrach (2009 Digital Remaster),248.13669,0.534503925707,rock
SOKRSWC12AB017D0E2,Suckin' On Suzie,367.49016,0.368455090652,rock
SOCFJZY12A8151CDB5,Up On That Cloud,213.34159,0.44793548048,rock
SOBTDFV12B0B80B789,Get It Together,245.7073,0.591628024008,rock
SOKNYLI12AB018846C,Makin' Believe,165.61587,0.380728239612,country
SOUHJSQ12A58A7BC4D,Preparation,101.8771,0.473700501297,rock
SOLVLUY12A58A7BD24,I've Got A Thing About You Baby (Album Version),162.0371,0.403509673363,country
SOPGXXV12AB0183709,Bullet Proof ... I Wish I Was (Acoustic),214.7522,0.675887011418,rock
SOARXSQ12A67020F78,Rocket,246.93506,0.64722472378,rock
SOPBCHO12A8AE4808C,Hawaii Blues (Album Version),185.44281,0.383140731021,country
SOQVVEE12AB01843C3,Tearing Everyone Down,175.25506,0.524378987515,rock
SOYEFDU12A6310F400,When Jesus Comes Calling For Me,166.24281,0.603876486918,country
SOEAMLK12AB017F3D2,This Is Where It Ends (Album Version),173.19138,0.794270768251,rock
SOAKNXU12A8C13E920,Baby (LP Version),190.06649,0.594627866944,pop
SOWZREF12A8C13810B,Fire,363.36281,0.543954417056,rock
SODTEMK12AF72A7210,A Simple Desultory Philippic (Or How I Was Robert McNamara'd Into Submission),138.70975,0.510324986101,rock
SOANXLR12A6D4F82BF,Rapture (Us Disco Version) (1999 Digital Remaster),431.75138,0.55141512027,pop
SOPIHMB12AC468E0DD,Ghost of the Ocean (Live),214.25587,0.479204557694,rock
SOSKQYI12A6D4F95E2,Man Man,283.71546,0.413772173138,pop
SOZERJS12AC9070FF3,Panama (Album Version),212.63628,0.579988982429,rock
SODICKC12AB0186806,Motorcycle girl,232.64608,0.359185992752,rock
SOZFGOG12A58A7F755,Ballad In Urgency,339.25179,0.536400010793,rock
SOAIEMM12AB017EC98,Locust Street (Album Version),254.74567,0.536400010793,rock
SOLTLEZ12AB01886B3,Pennies From Heaven,134.94812,0.623970265514,pop
SONARPL12CF5465254,Reuben James,167.00036,0.625428356113,country
SOFSDOM12AB01830F1,Grey Skies Turn Blue,183.97995,0.537675628064,rock
SOZKFHV12A6D4F996F,I'm Not Moving,154.93179,0.578301633597,pop
SOCPFDY12AB018300D,Antarctica Starts Here,199.96689,0.481655862412,rock
SOPAESK12A58A7BA11,Some Kind Of Zombie (Criscoteque Remix),279.97995,0.516234384084,rock
SOOAOFY12A8C13BDEB,Christmas All The Time (Acoustic),204.14649,0.371786733457,country
SOQXNQP12A8C134AD7,Trying To Get To Heaven,320.70485,0.633339908702,country
SOBDENU12CF5465247,Drones,181.57669,0.696161109836,rock
SOTGSMJ12A6D227171,Chatterbox,189.17832,0.549204383877,rock
SOBGZZO12A6701CD25,Keep The Circle Around,230.05995,0.398547535381,rock
SOQKBQI12AB0182711,3,465.47546,0.607257279581,pop
SONUOBX12A8C141070,Killer (Single Version),257.48853,0.58001318294,pop
SOENOQK12AB01864B9,One More Ride (Digitally Remastered),120.99873,0.735208877747,country
SOZAUAC12A8AE491A3,Polly,168.51546,0.66138292433799994,pop
SORKWDV12A8C13B43B,From Afar (Album Version),324.23138,0.579988982429,rock
SOHKLCA12A8C1414AB,Raise Your Hands,311.27465,0.71889145567,rock
SOSQIHH12A8C13370B,15 Step,237.21751,0.683658060202,rock
SOYCTRU12A6701DA91,Guilty Partner,288.02567,0.522047955192,rock
SOQUOUX12A8C14439E,Reprise: Tú mi delirio - Guajira - Si te contara - El manisero,375.03955,0.514513276947,pop
SOUVEIY12A8C12FCF3,Playboy,323.18649,0.443930192726,rock
SOAMBKN12A8C137A71,Wishlist,235.25832,0.607971809563,rock
SOEKSGJ12A67AE227E,Crawling (Album Version),208.95302,0.79114300239,rock
SOGKAHR12A6701F979,Doubt,67.76118,0.578993548664,pop
SORCKNW12A8C142B3F,Right To Work,200.59383,0.352868133562,rock
SOZTFAZ12A8AE46630,Maybe,246.72608,0.559925868569,rock
SOCFLRU12AB018B0E2,Al Final,297.63873,0.435144671678,pop
SOHNNXG12AB0187669,Help Me Make It Through the Night,172.09424,0.38934175191,country
SOFELMB12A8AE48525,A Boy Named Sue,216.81587,0.735208877747,country
SOQBGKC12AB0184F05,Nunca Sabras,229.14567,0.435144671678,pop
SOAUFFQ12A8C134623,Patterns,182.56934,0.510324986101,rock
SONSHOY12A8C13E81D,Round and Round ( LP Version ),235.78077,0.594627866944,pop
SOOFUMT12A8C133296,We March To The Beat Of Indifferent Drum,158.11873,0.554291489013,rock
SOZRLED12AC9070F7D,All The Fools It Sees,302.31465,0.294053193399,rock
SOTPHGF12A8C142844,No You Girls,428.45995,0.571376561591,pop
SOAAEHR12A6D4FB060,Slaves & Bulldozers,415.81669,0.545789126217,rock
SOVGRXC12A6D4F94A8,Against My Will (LP Version),205.13914,0.566912407282,country
SOHASMZ12A8AE48671,Erased,280.00608,0.621085212055,pop
SOQLJBF12A8C13942A,Caught In A Dream (Album Version),189.90975,0.607792751463,rock
SOMUMTW12A6701C7B8,Cryin',308.76689,0.610731462904,rock
SOGTRVF12A8C1363B5,I'm Thinking Tonight Of My Blue Eyes,171.80689,0.603876486918,country
SOPDFZR12AB018875F,Breakin' Dishes,199.6273,0.908202619208,pop
SOKXYUW12A8C140229,Check On It,211.17342,0.612067268298,pop
SOJHYOF12A8C131DDE,Nothing But Sky [Outro] (Album Version),62.27546,0.381715678274,pop
SOFIORO12A6701E97A,Aneurysm,271.69914,0.66138292433799994,pop
SOAVAUP12AB0181301,King Of Pain,318.01424,0.615454461554,rock
SOCRHCQ12A58A7C8C6,Christlike Roche,338.33751,0.37225120793,rock
SORXUZZ12A8AE4798A,I Want Love (Tween You & Me) (Album Version),162.53342,0.403509673363,country
SOGQTRZ12A8C13C8B0,I Can't Stop Loving You,261.95546,0.628246419191,country
SOYCTBG12A8C144341,Until You Love Someone,165.66812,0.623970265514,pop
SOLEYPL12A6D4F83CE,Snowball,190.24934,0.373464227764,rock
SOHTWLT12A8C13CFE1,Inside Job,428.56444,0.607971809563,rock
SOEMLQO12AB01808B6,Will You Love Me Tomorrow,159.76444,0.379137555625,pop
SOHUOAP12A8AE488E9,Floating,491.12771,0.44793548048,rock
SOKIGWD12A6701DE9D,The Frail,168.56771,0.598458500982,rock
SOXZLDX12A58A7CE52,Kick Out The Jams,201.56036,0.589086799818,rock
SOSKUNI12AB0187F12,Amber Changing,218.8273,0.625080480974,rock
SOLRYQR12A670215BF,Panama (Remastered Album Version),209.29261,0.579988982429,rock
SOSBDSF12AB0189007,Entre Caníbales,246.69995,0.466826992527,rock
SOPIKEG12A58291636,Stickin In My Eye,144.50893,0.554291489013,rock
SONQBUB12A6D4F8ED0,Angie (1993 Digital Remaster),271.49016,0.735765692951,country
SOGKIWV12A6D4F86C4,Human Being,344.05832,0.479308459338,rock
SOGNQWU12A8AE4868F,Tous Les Garçons Et Les Filles,207.0722,0.523699077765,pop
SODHVES12A6701CE6B,Driving Home For Christmas,241.162,0.500691340913,rock
SOLGHDZ12AB0183B11,Wicker Chair,187.92444,0.788805935162,rock
SOVOLGY12A6D4F822B,Movement 4 [from Kiss] (Album Version),228.46649,0.481655862412,rock
SOEVGMZ12A8C1421B5,Letter To Heaven,155.21914,0.603876486918,country
SOJHKYL12A6D4FA0AC,What Are We Here For,345.93914,0.467110648585,rock
SOMKMPB12A8C1447D0,God Save the Queen (Live),216.60689,0.549204383877,rock
SOFOGMR12A8C140FFF,Poor Tom (Album Version),182.09914,0.63441238493,rock
SOCHRXB12A8AE48069,Let's Get It Started,229.61587,1.00594196595,pop
SOKLLOH12A67020F2C,I Never Came,288.41751,0.552413345517,rock
SOMQAGT12A8C132DB4,You Can Still Be Free,118.33424,0.538070295124,pop
SOKBBXO12A6701DEA0,Metal,426.89261,0.598458500982,rock
SODDZAD12A6701DC4C,Commercial Reign,283.76771,0.398547535381,rock
SOZWHVZ12A6D4F90E7,Kite Live from Sydney,485.19791,0.750311503248,rock
SOFBQIA12AB0182219,Te Hacen Falta Vitaminas,225.12281,0.466826992527,rock
SOJEVZW12A8C133988,Waiting,416.80934,0.507965802159,rock
SODOLVO12B0B80B2F4,Hell,117.002,0.550762084656,rock
SOIKIJC12AC3DFB3D2,Have Yourself A Merry Little Christmas,133.27628,0.453435791193,country
SOFJNQR12A6D4FAE92,U Killed It,264.69832,0.53540837923,pop
SORKRKK12A8C13C12F,Spanish Shuffle (Album Version),226.82077,0.316692161547,pop
SOVRJYX12AB01844E1,Terapia De Amor Intensiva,340.29669,0.466826992527,rock
SODWXQV12A6310F10D,English Summer Rain,241.52771,0.586433378718,rock
SORRZGD12A6310DBC3,Harajuku Girls,290.55955,0.532803541797,pop
SOWEMDM12AC3DFA56B,So Hot,81.97179,0.34700692093,pop
SORZHIP12A8C13EEB8,Everchanging,260.8322,0.625080480974,rock
SOPILLC12A81C1FA01,Crying Time,188.70812,0.365931468985,country
SOTETIO12A8151CA26,Citizen Of The Planet,194.35057,0.510324986101,rock
SOSHODS12A6D4F79BC,When The World Is Running Down_ You Make The Best Of What's Still Around,216.42404,0.642655961125,rock
SODPLYE12AB01898FB,A New Hope,225.12281,0.582346373958,rock
SOUJNFK12AB0186B86,This Is NOT a Crass Song,359.6273,0.524378987515,rock
SOPVXLX12A8C1402D5,Larger Than Life,236.25098,0.592614927352,pop
SOXILUQ12A58A7C72A,Jenny Take a Ride,207.43791,0.294053193399,rock
SOCOICY12A8C140D18,Knocked Up,466.65098,0.788805935162,rock
SODQWRC12A8C13D19B,Hear Me Lord (2001 Digital Remaster),359.73179,0.541602502515,pop
SOHSGTX12A67020685,Don't Let Go,180.97587,0.776167742324,rock
SOJWZGJ12A670203B7,Old Times Sake,290.97751,0.542502096105,country
SOJBWGF12A8159E883,Eleanor Put Your Boots On,195.13424,0.583022291408,pop
SOWOHNT12A6D4F60EA,(I Heard That) Lonesome Whistle,163.52608,0.469425907976,pop
SOWQROJ12A8AE47400,Wake Me Up When September Ends (Live at Foxboro_ MA 9/3/05),340.79302,0.812307796139,pop
SOZBOLJ12AB018B0EC,Volcán,352.67873,0.435144671678,pop
SOABLAF12AB018E1D9,Lesson Learned,256.522,0.582921576451,rock
SOCLAYI12A6310F138,Slave To The Wage,246.96118,0.586433378718,rock
SOGAUIQ12A6D4F8262,Hit The Lights,252.3424,0.780334119573,rock
SOYEPDE12A67ADCF1B,There Will Come A Day (Album Version),253.1522,0.670106172837,country
SOIASMV12AB0182DC0,Just One Of Those Things,210.96444,0.480575192777,pop
SOBVERW12AAF3B56C0,Silent Night_ Holy Night! (Album Version),189.67465,0.670106172837,country
SOIJYGX12AB0185610,Fortune Teller,116.92363,0.735765692951,country
SOTNWCI12AAF3B2028,The Way I Loved You,245.36771,0.922412443366,country
SOPPCXM12A6D4F66BC,Vogue [Live],330.94485,0.665576619159,pop
SOYLCKM12A8C1346FF,This Guitar Says Sorry,153.88689,0.529195922281,rock
SOXHMJM12A58A7A33A,Dance Into The Light (LP Version),262.00771,0.578301633597,pop
SOCSZBL12CF530E5B0,Intro / Time For Some Action,222.6673,0.411295232392,rock
SOZQJSC12A58A7F42F,Going Down,188.18567,0.561830537939,rock
SOCIUEE12A6D4F95D1,Dolorosa (Live),339.80036,0.343844499414,pop
SOGXGUK12A6D4FC1B4,A Man Can Only Stand Just So Much Pain (Bonus Track),152.842,0.403509673363,country
SOUCKDH12A8C138FF5,Don't Panic,139.12771,0.916053228284,rock
SOBJUKG12A58A7DCA8,Two Hearts,204.19873,0.578301633597,pop
SOXCQIQ12AB017D8DB,When A Man Is Wrong (Album Version),258.63791,0.58001318294,pop
SOSRXYE12A8C13E41A,Exodus,204.82567,0.514513276947,pop
SOCUBIC12A8AE45AF0,Lose This Skin,308.50567,0.601186059455,rock
SOIOOWC12CF530D524,It's All Wrong_ But It's All Right,193.54077,0.603876486918,country
SOPSYTV12AB01807DB,"Slave To Love (7"" Version) (2009 Digital Remaster)",240.03873,0.561830537939,rock
SOLWTDG12A6701E978,School,160.33914,0.66138292433799994,pop
SOPXSEX12A670204A0,That's What You Said  (LP Version),260.96281,0.578301633597,pop
SOUXPPN12CF530E5EB,Light Of A Clear Blue Morning,294.24281,0.603876486918,country
SOAOPVN12AAF3B1856,SOS,244.50567,0.908202619208,pop
SOCYUZL12A6701FA23,Bedtime Story (Album Version),248.55465,0.665576619159,pop
SOYBRXG12A58A776D6,The American Ruse (LP Version),149.96853,0.451466060363,rock
SOIAUJN12A6D4F79BE,Voices Inside My Head,233.45587,0.615454461554,rock
SODBXDN12AB018194E,Endless Flight,276.21832,0.406626217422,rock
SONSDBD12A8C13CC4B,Dying to Know (Album Version),185.5473,0.512229189391,rock
SODXQTB12A8C13F0F7,Lullaby,351.84281,0.57690228099,country
SOYGWDD12A8AE47F23,Stranded In The Jungle,245.68118,0.479308459338,rock
SOWYVEO12AB017FBDB,Al Munda Dios Amo (LP Version),306.65098,0.381715678274,pop
SOLQLCA12AB0188BBD,Hear My Train A Comin',449.74975,0.587869152218,rock
SOBVLUP12A8C140311,Meet Me In The Bathroom,177.18812,0.591744738546,rock
SOBPBKU12A6701E5CF,Anyway_ Anyhow_ Anywhere,169.66485,0.587039629966,rock
SOCHFDP12A6D4FAED8,Uniform (Scripka Mix),230.5824,0.398547535381,rock
SOBMWXO12A8C132120,Simple Twist Of Fate,257.61914,0.633339908702,country
SOGZAAR12AB01849A4,Sin,242.96444,0.598458500982,rock
SOBPMZI12A8C140B04,Stormy Weather,196.04853,0.514513276947,pop
SOVTOZI12A8C13710B,Loving You Too Long,173.50485,0.529195922281,rock
SOSJEIO12A58A7A674,On Independence Day,171.59791,0.524378987515,rock
SOAKODQ12A58A7B461,Moss Garden (1999 Digital Remaster),305.05751,0.57492142334,pop
SORNVVT12AF72A0C39,Intro 2/ Kick Out The Jams (LP Version),172.30322,0.451466060363,rock
SODRUMU12AC96182E9,The Burden of Hope,113.21424,0.575501205145,rock
SOVVDVO12A8C14215D,We Ride,237.87057,0.908202619208,pop
SOMOUQV12A6701CD7B,Real Love,249.62567,0.64722472378,rock
SOEDYBF12AF72A3AFF,Flaming Red,134.05995,0.514523378441,country
SORAETJ12A58A7DAA3,(I'm So) Afraid Of Losing You Again,188.02893,0.38934175191,country
SOYKAIZ12A6D4F97B2,Duck And Run,278.90893,0.608849018571,rock
SOQEYPY12AC3DF9E55,Rollercoasting,174.602,0.34700692093,pop
SOPWWMT12A8C13811D,The Attitude Song,693.57669,0.543954417056,rock
SOQIVDD12AB018A979,We Sleep Forever [Live],281.46893,0.500459150659,rock
SOSHUVD12A6701F8F9,Speed Of Sound (Live),285.04771,0.916053228284,rock
SOUHRVJ12A6D4FADD7,Four,287.52934,0.382229489562,pop
SOQFITU12AB01832C8,One More Chance,166.26893,0.537799608198,rock
SOQAQJG12A67020725,Elektro Kardiogramm (Live),283.24526,0.520412110054,rock
SOQOXXW12AF729F20B,On My Own,235.10159,1.00594196595,pop
SOBJLED12A8C14108C,Whirlpool [Live],279.74485,0.58001318294,pop
SOMRBBO12A8C13F67B,This House Is Haunted,210.54649,0.607792751463,rock
SOULXLO12AB018379D,Killing Machine,140.40771,0.500459150659,rock
SOFXFXN12AB01827D6,Angel Food,383.29424,0.543954417056,rock
SOKJBKQ12A8C143666,Memorabilia,441.96526,0.598458500982,rock
SOMCPKY12AB0184197,Girl From A Pawnshop,404.58404,0.536400010793,rock
SODJUSQ12A8AE486C6,Missionary Man,269.94893,0.523699077765,pop
SORLLRN12A58A7F1EE,Be With You,260.20526,0.612067268298,pop
SOGMESY12A67020F25,This Lullaby,82.85995,0.552413345517,rock
SOHRKRG12A6310F103,Where Is My Mind (XFM Live Version),223.92118,0.586433378718,rock
SOJUORK12A8C143BE5,Looking At You (Cody High School),413.33506,0.451466060363,rock
SOVFDZT12A8C140710,Razor,287.99955,0.550762084656,rock
SODNQJO12A6310F970,Dance Hall Days,234.762,0.441366585343,pop
SOPRNQZ12A58A7B8E5,Spaz's House Destruction Party,184.05832,0.524378987515,rock
SOPMFLZ12A6D4F9D3A,Mai [Live],282.85342,0.755149913058,pop
SOGDLTS12A8C135A9B,Sickman,329.37751,0.582921576451,rock
SOCLPMP12A81C2354B,Prayer For The Dying (Album Version),330.26567,0.58001318294,pop
SOFYSKU12A8C13A72B,Follow You Home (Album Version),260.33587,0.779968004597,rock
SOSNZMS12A58A791D0,La Vuelta,186.5922,0.406626217422,rock
SONEAJZ12B0CEB476A,A Visit From Drum,259.05587,0.4204126176,rock
SOLUABP12AF72A2CD2,Alpha Beta Parking Lot,210.07628,0.650665868274,rock
SOFAQLG12A8C13AC04,Im Slowly Turning Into You,274.59873,0.653897217428,rock
SOWDBUH12A8C138B73,Will Not Fade  (Hit Parade Album Version (new Song)),229.01506,0.516234384084,rock
SOBANAT12A6D4F7501,Naked In The Rain (Album Version),265.63873,0.576903815588,rock
SOZOOYV12A6D4F445F,Love Thing,278.22975,0.488181389999,pop
SOLQAPL12AAF3B3010,Una na na,239.67302,0.431448034568,pop
SOPFURM12A67020D2A,Iron Man,259.76118,0.528302262284,rock
SOWCQMT12A6D4FC2BD,Embraceable You (LP Version from 'When The Boys Meet The Girls'),135.47057,0.456080519824,pop
SOGYDBB12A6D4F7D81,I Heard Her Call My Name,276.68853,0.498497972686,rock
SOKWVAH12A8C1332B0,Suicidal Dream,191.9473,0.536219992815,rock
SORTNEK12A58A7932C,Do It All Over Again,265.97832,0.508558252473,pop
SOAATRN12A6310E897,New York,343.27465,0.750311503248,rock
SOOWKSP12AB018043B,The Reason I Go On,224.20853,0.663686475969,pop
SOFCNRE12AB01864E3,The End Of The Line,472.45016,0.780334119573,rock
SOHMTXX12A8C1332C1,Cicada,312.13669,0.536219992815,rock
SOVMPHV12AB01828B1,Right to Work (Live),145.55383,0.352868133562,rock
SOLUGTX12A6D4FAC08,So. Central Rain (2006 Digital Remaster),195.52608,0.623835200923,rock
SOMTXLN12AB018977B,Don't Stop The Music,283.8722,0.908202619208,pop
SOBUIHY12A6D4F5D1B,Careful In Career,308.94975,0.503362447997,pop
SODXTMM12AF729F8F1,Mama Kin,237.13914,0.71366981958,rock
SOHCZJH12A8C13A73C,Ready To Go,303.85587,0.396490351912,rock
SOCDAIR12A8C131F89,The Dynamo Of Volition [From An All Night Session],263.00036,0.793412622763,rock
SOSMWDQ12A6701E981,Heart-Shaped Box,281.65179,0.66138292433799994,pop
SOUMJJC12A6701F4B0,Jetstream - Arthur Baker Remix,421.95546,0.522047955192,rock
SOCFQLH12AF72A942D,Chelsea Girl (Live),308.45342,0.503362447997,pop
SODJAUI12AB0188C5E,Persiana Americana (Live),343.562,0.466826992527,rock
SOSIMGO12A6D4FB491,She Came Along To Me (LP Version),207.98649,0.529195922281,rock
SOUVVUV12A8AE48414,If Ever,253.67465,0.550762084656,rock
SOJORVL12A8C143582,If I Know You,351.32036,0.524449470713,rock
SOTWIIY12A6D4F8837,Nonfiction,256.20853,0.536400010793,rock
SOZIMLB12AF72AD1CD,Innocence,232.202,0.598596744615,rock
SOBNSFW12A67020E2E,Redwing,252.86485,0.453435791193,country
SOQCDQE12A6D4F7682,You Need Hands (1993 Digital Remaster),169.50812,0.545975531063,rock
SOFIFUK12A8C1393F8,Everytime,206.81098,0.631289507585,pop
SOZVTQM12CF5F88285,State Of The Union,139.17995,0.696161109836,rock
SOAXMZC12A6D4F67A6,The Son Of Hickory Holler's Tramp,188.96934,0.61999595034,country
SORWDCM12A6D4FC397,Computer Love (2009 Digital Remaster),399.33342,0.520412110054,rock
SODEQMC12AB018807F,Hardly Wait,180.13995,0.586433378718,rock
SORSFTZ12A8C1391C5,My Heart Is Yearning,143.64689,0.554291489013,rock
SOWMQTJ12AB0184323,Master Of The Universe,212.92363,0.675117718829,rock
SOGVJTG12A6701E991,Angel,335.33342,0.610731462904,rock
SODLKUO12A8C13CA35,Time Is On My Side,172.72118,0.776037656053,country
SOCDRKE12A8C13BF47,Moon Loop (Improvisation),978.442,0.507965802159,rock
SOOJFKG12A8C1334E6,Lord Of The Thighs,425.03791,0.610731462904,rock
SOOEDPH12A6310E02B,Space Oddity (1997 Digital Remaster),313.70404,0.57492142334,pop
SOKKXUI12A58A7A79C,Good Girl Gone Bad,208.16934,0.908202619208,pop
SOLQLGL12A8C138380,Boys,225.48853,0.607257279581,pop
SOIEXWD12A8C14314E,Come Monday,235.96363,0.543706050517,rock
SOPMKMD12A67020BD9,Miss X (LP Version),307.722,0.451466060363,rock
SODAAKS12AB018D37F,Welcome To My World (Live),84.16608,0.409196035655,country
SOWESWN12AB01899E1,I Can't Feel You Anymore,195.3171,0.410541103123,country
SOFCZKJ12A6D4F5BF0,What's In You?,227.60444,0.371786733457,country
SOSGXII12A67020363,Vertigo,451.44771,0.750311503248,rock
SOBKIMB12A8C136DE9,X-Static,253.49179,0.550762084656,rock
SOYYANE12A8C132D08,Un Garcon Pas Comme Les Autres (Ziggy),179.01669,0.663686475969,pop
SOIDJZY12A6701DEF7,Voodoo Chile Blues,528.14322,0.587869152218,rock
SOGCDYR12AC961854A,You And Your Heart,196.20526,0.677482479432,rock
SOXFAJU12A8C131CEC,Light,78.96771,0.443930192726,rock
SOKUGPJ12A58A7FD8D,Never Wanted to Dance (Live In London),222.14485,0.485881459,rock
SOFMMKA12A58A7CBF5,Welcome,216.92036,0.578301633597,pop
SOJEZUU12AB018B8C5,Fire,192.23465,0.587869152218,rock
SOUOWOU12AC3DF4CB6,She cracked,260.62322,0.396111527101,rock
SOBFTEV12A8C13B4A4,I Don't Want To Hear Any More,261.17179,0.681987760426,rock
SOVCFPI12AAF3B2045,Should've Said No,245.78567,0.872447223164,country
SOKUYDL12A8C13623E,Down On Me,183.14404,0.559925868569,rock
SOEZQXE12AF72ACC54,Junge Römer,271.09832,0.485781602275,pop
SOYDYJV12A8C13B5CC,No Stopping Us [Eagles Ballroom Live Version],369.94567,0.793412622763,rock
SOVDYER12A6D4F7E1B,Jump [Jacques Lu Cont Edit],320.1824,0.665576619159,pop
SOYYIZT12A8C1408CA,Next Year,274.65098,0.550762084656,rock
SOVQGSX12AB0188818,Away in a Manger,197.58975,0.410541103123,country
SOTKSYF12A6D4F6AB4,Zai Ai Shang Ni,267.44118,0.413772173138,pop
SORFRSB12A8C13DB7F,Rock Me (Live In Boston_ 1970) (1st Show),434.15465,0.584116573124,rock
SOJHMFW12B0B80B79B,Shadrach,247.7971,0.591628024008,rock
SOTBQVH12A58A7B6C7,Help Youngblood Get To the Freaky Party,345.67791,0.443930192726,rock
SOKKHGP12A8C13768C,Nevermind_ It's An Interview,1061.79873,0.66138292433799994,pop
SOBSEGK12A58A7BEBF,Seventeen,129.93261,0.549204383877,rock
SOKHSHK12AB017BBDC,Intro,111.15057,0.481975849154,rock
SOBHMQL12A67ADE30A,Commercial Reign,283.32363,0.398547535381,rock
SOKUJAQ12A8AE46C1B,Ghetto Child,318.37995,0.359185992752,rock
SOPHADT12A8C14245D,Bad Boy Willie,112.06485,0.370138414326,rock
SOBXDBA12AB0187E5C,Don't Mess With Cupid (1972 demo),186.09587,0.479308459338,rock
SOESQNH12A58A79AC3,Pretty Vacant,194.58567,0.549204383877,rock
SOTXYXO12AB018B008,The Never-Ending Why,221.6224,0.586433378718,rock
SOOCYRU12A8C132403,Lachen und weinen,335.17669,0.397569595443,pop
SOCSOYD12A8C13AF1B,The Beginning (Giro E Giro Mix),368.06485,0.58001318294,pop
SOOTADG12AF729F5CF,"Because You Loved Me (Theme from ""Up Close and Personal"")",274.57261,0.663686475969,pop
SOOAHQO12A6D4FA507,If You Build A Better Mousetrap,185.0771,0.477260389684,pop
SOWJALY12A6D4F837F,All Your Love,214.69995,0.405234690787,rock
SOOTWLE12AB018E20A,Son of Jack the Ripper,231.44444,0.338129864282,rock
SOANUME12A8C1368DF,Day Old Blues,212.97587,0.837714708582,rock
SOSPCBI12A58A7BF1E,Did You Get My Message?  (Live From Shubas),336.43057,0.793412622763,rock
SOHJWNE12A8C14140B,White Christmas,140.69506,0.410950258432,country
SOZQDRV12A8C133FB1,Rise & Shine,211.35628,0.528302262284,rock
SOAOOXO12AF72A787F,Still,313.10322,0.521843187008,rock
SOISFRK12A6D4F573D,Affliction,328.72444,0.554938522475,rock
SOVDYQP12AB01824EC,Hole In My Head,201.16853,0.57690228099,country
SOYRTWG12A8C142BC1,The Woman I Need (Honky Tonk Mind),132.23138,0.438168226182,country
SONPVFL12A81C22ADA,Drown In My Own Tears (LP Version),203.57179,0.469425907976,pop
SOFTBIU12A8C130B7E,Death Of A Nation,115.53914,0.524378987515,rock
SOZPJMN12A81C1FA0D,Riot In Cell Block #9,195.65669,0.376899807742,country
SOXVRHB12A8C13F14B,Titanium (2009 Digital Remaster),201.09016,0.520412110054,rock
SOKRTKJ12A58A7B5DD,Bullmoose (LP Version),147.93098,0.469425907976,pop
SOQJYCE12A6D4F4844,Other Side Of Antarctica,416.7571,0.473700501297,rock
SOVQOXC12CF546326C,Get It While You Can,205.53098,0.559925868569,rock
SOZTULX12A6701E7EF,Clown,196.93669,0.787005468689,pop
SOZQHDM12A67020FA7,Rotten Apples,184.39791,0.670383829397,rock
SONFKHD12A6D4F8ED6,Don't Let My Teardrops Bother You (Album Version),243.85261,0.480575192777,pop
SOHYDPA12B0B80B77C,Eugene's Lament,132.51873,0.591628024008,rock
SOWEVZH12CF54662C8,Metal Militia,311.19628,0.726174386911,rock
SOKIHTB12A8C1397CF,Overdrive,270.47138,0.550762084656,rock
SOFQBMN12A8C1428AD,Single Ladies (Put A Ring On It),466.05016,0.619431422311,pop
SOGHYGL12A8C134B40,Be Careful With A Fool,315.92444,0.452380503907,rock
SOQEBKX12A8C140A0F,Better To Have Lost In Love (Than Never To Have Loved),305.10975,0.523699077765,pop
SODRNQF12AB0182322,I'm Your Witchdoctor,129.48853,0.405234690787,rock
SOYRDKV12A8C14211E,A Poor Man's Roses,168.95955,0.468511466476,country
SOSAZTX12A67ADBEE0,Song For A Friend (Live From Montalvo),740.46649,0.793412622763,rock
SOFPLUG12A8C136CA4,Don't Sit Under The Apple Tree,172.06812,0.543706050517,rock
SOBMXRG12A6D4F9517,Don't Want To Know (1999 Digital Remaster),247.11791,0.561830537939,rock
SOUVCGM12AB0185A29,Unsaveable (Album Version),231.44444,0.670106172837,country
SORZJUY12AB018BFB9,Sister Sue,162.45506,0.383140731021,country
SOIUOAU12A8C13EBC3,Two Hearts One Love,223.00689,0.546326119552,country
SOLLOSO12AB0184A7A,Missing (Live in Europe),255.13751,0.752794435289,rock
SOVMULC12A670215AE,Eruption (Remastered Album Version),101.45914,0.579988982429,rock
SOKSRRN12A8C135415,Better Ways,223.97342,0.316692161547,pop
SONXFRI12AB018726F,What Should Be Done,252.9171,0.479204557694,rock
SOQHWMN12A6701E2D9,Swing Life Away,200.12363,0.625080480974,rock
SOJDMEC12A67AE0C83,God You Are My God,225.14893,0.46375778392,rock
SODTTUB12AB0184F48,Catcher In The Rye,352.96608,0.71366981958,rock
SOMBVNV12A8C1361F0,Krazy In Luv,254.98077,0.612067268298,pop
SOMVDFN12A58A7CE36,The Man Machine (2009 Digital Remaster),332.14648999999997,0.520412110054,rock
SOFJNFW12AB0181B90,22 (Vingt Deux) (Feat. Ours),189.20444,0.53540837923,pop
SOIABUP12AAF3B55F2,Betty Et Tommy (Instrumental),90.33098,0.343844499414,pop
SOHCMZK12A6D4F8933,Two Note Swivel (Unfinished Outtake),348.78649,0.540157744296,rock
SOQJPYF12AF72AA8E2,You Are,268.69506,0.607971809563,rock
SOROTVP12A8C13A565,What Do I Know,252.18567,0.378644568955,pop
SONABHP12A8C137026,"Born In Louisiana [with Clarence ""Gatemouth"" Brown] [Live]",386.48118,0.452102264925,rock
SOCLLUZ12A8AE47ACE,Free (Album Version),278.02077,0.471170681046,rock
SODNCTF12AB0187B92,Make Me Believe,230.66077,0.628246419191,country
SOFIGYP12A6D4FA5C7,Twilight,297.66485,0.473700501297,rock
SORTSWB12A58A7DCA3,These Words,377.25995,0.769674279295,pop
SOMUZUT12A58A7A330,Whitfield,296.04526,0.360375718835,rock
SOYSLBQ12A8C143F44,It's A Man's World (Live_ Saginaw Civic Centre_ 1 January 1970),351.60771,0.451466060363,rock
SOQLJFO12A6D4F7503,The Greeting Song (Album Version),193.43628,0.576903815588,rock
SORKPVE12A81C20227,Runaround (Live Version),321.72363,0.579988982429,rock
SOIIKIF12A8C131B3F,When I Was Drinking,222.74567,0.453435791193,country
SODOQYK12A6D4F77FF,Looking Back,156.9171,0.405234690787,rock
SONLOKJ12AB0187617,Think,189.67465,0.735765692951,country
SOSELXM12A6D4F8129,Yell Out,154.85342,0.512229189391,rock
SORTBWU12AB017CC09,Decidete,232.14975,0.389877126421,pop
SOXEXXA12A8C140B83,Woo Hoo,211.40853,0.788805935162,rock
SOXWZRB12A67ADAF43,Bury Your Head (Acoustic),254.27546,0.563763752282,rock
SOWSDYA12A8C134D67,Red Umbrella (Album Version),219.84608,0.670106172837,country
SOZSKYN12A8C13A883,God's Will,349.33506,0.628246419191,country
SOSWCXN12A6D4FAE3C,Your One And Only (LP Version),188.26404,0.566912407282,country
SOLCYFR12A6701D233,You're Crazy,284.99546,0.71366981958,rock
SOESGZE12AB018994E,The Distance,345.96526,0.776303263519,rock
SOMSVWH12A67AE1252,Comeback,125.51791,0.359185992752,rock
SOCOLDY12A6701E98B,Same Old Song And Dance,357.53751,0.610731462904,rock
SOSGFCZ12AB0188410,If I Ever Saw A Good Thing (Album Version),201.03791,0.403509673363,country
SOINVOE12AB0183171,Hank & Joe and Me,127.99955,0.735208877747,country
SOHYWLZ12A6D4FBB22,Much Against Everyone'S Advice (Dave Bascombe Radio Mix),171.4673,0.501825943654,rock
SOFDVPO12A6D4F703C,Everybody Loves Me But You,151.03955,0.566912407282,country
SOOFAMF12A6D4F5D2F,See The Lights (2002 Digital Remaster),261.8771,0.503362447997,pop
SOAWCYO12A8151DF97,Do You Want To,214.9873,0.571376561591,pop
SOQSAXZ12AB0186CE8,Falling In Love,184.55465,0.479204557694,rock
SOWWUUZ12A6D4FA8CA,I've Been Loving You Too Long (LP Version),214.38649,0.480575192777,pop
SOBNBUT12A8C1444F3,Leo's place,246.5171,0.359185992752,rock
SOWRHSP12A58A77A73,Too Much Fun,205.71383,0.177893845369,country
SOHLFGQ12AB0186CAD,Drinkin' Wine - Original,162.01098,0.370138414326,rock
SOHTQAS12A6701C7BA,Crazy,319.73832,0.610731462904,rock
SOGMQYW12AB018C302,Shed So Many Tears,135.99302,0.452380503907,rock
SOYNMFH12A6D4F50E2,Oración (Directo),249.86077,0.524063332776,rock
SOLCNJN12A6D4F7740,You Found Me,151.24853,0.537675628064,rock
SOKIDZN12A67020D2D,Slip Kid,271.69914,0.587039629966,rock
SOMRFYQ12A8C1325B2,Pretend,167.07873,0.542502096105,country
SOTKNLA12AB01826E7,Poker Face,243.33016,0.838447767795,pop
SOTOMJM12A8C134AA2,Milkcow Blues,255.65995,0.610731462904,rock
SOCHSZG12A6D4F7CD7,So Lonely,289.64526,0.615454461554,rock
SOKAVYA12AB0188454,Too Shy To Scream,176.61342,0.554938522475,rock
SOAIOOJ12A8C1385D2,After Hours,164.12689,0.5423950935,pop
SOEDFSM12AB0187587,Let's Make Love (Album Version),252.89098,0.670106172837,country
SOMLGKF12AB017DF3C,Vegetable (Live),188.31628,0.683658060202,rock
SOIGNJY12A8C13AE1A,Wake The Sleeper,212.84526,0.479204557694,rock
SOUATDY12AB0185157,FEZ-Being Born,316.96934,0.825639110796,rock
SOBRUSQ12A6701DF34,Raining On Our Love,278.54322,0.546326119552,country
SOJGCRU12A8C1323B7,New Pony,278.96118,0.633339908702,country
SOJUJQF12AB0186EDE,Pour Jane (Live Acoustique),207.49016,0.343844499414,pop
SOGMROZ12A679D8AE9,Wrapped Around Your Finger,313.70404,0.615454461554,rock
SODREXM12AB017C1E8,You Tell Me,80.03873,0.735208877747,country
SOWROAS12A8C14258B,Goodbye (Solo Version),180.1922,0.529195922281,rock
SOJLKEV12A6D4F5BEF,Revelations:  Visions In A Dream,208.79628,0.371786733457,country
SOKVYHL12AAF3B48A5,Loca (a/k/a Crazy) (Version Banda),162.55955,0.389877126421,pop
SOJRJDG12AF72A7B93,Praying For Time,281.33832,0.545730700114,pop
SOHJRZY12A63110838,It Only Takes Two To Tango,217.96526,0.472748272732,rock
SOIHJSD12A6701EB04,Locomotive (Complicity),524.87791,0.71366981958,rock
SOMCIIM12A8AE49622,Echo,469.60281,0.622208960129,rock
SOJBTDV12A6D4F776A,Don't Mess With Me (2006 Digital Remaster),204.14649,0.531303318565,rock
SOCDZDT12A6D4F8F73,Don't Worry Baby (1999 Digital Remaster),253.12608,0.561830537939,rock
SOEHTZE12A6310F0F2,One I Love,274.41587,0.916053228284,rock
SOJCBAM12A6701FD04,Paralyzed,296.85506,0.528302262284,rock
SOGEQKA12A6D4FA27C,Love Ain't No Stranger (2003 Digital Remaster),252.08118,0.531303318565,rock
SOQYGKF12A6D4F77EC,I'm Not Worth the Tears,152.45016,0.603876486918,country
SOISAFU12CF5F882E5,How Does It Feel,224.93995,0.620309820783,rock
SOCGCVT12A6D4FAF6F,Party In The Sky,232.12363,0.398547535381,rock
SOLWUMG12A8C13106C,How Can You Resist It,328.56771,0.443930192726,rock
SOELNMY12A8C13759B,4/20/02,232.35873,0.607971809563,rock
SOCQLKZ12AB0183796,Black Market Hell,759.09179,0.500459150659,rock
SOCWGLQ12A8C13D14A,She Will Love You (Album Version),258.82077,0.500459150659,rock
SOPJHMG12A6D4FA978,Menutha,252.1073,0.403509673363,country
SOZAPQT12A8C142821,Ragoo,181.13261,0.788805935162,rock
SOFODDW12AB0182616,Stop The World And Let Me Off,146.88608,0.468511466476,country
SODLTPJ12A67ADB230,El Greco: Movement III,408.00608,0.473700501297,rock
SOGHNAC12CF5663C17,Where Does Rosie Go?,135.36608,0.625428356113,country
SORABBL12A58A7C15E,A Crow Left Of The Murder,227.73506,0.579441937886,rock
SOLWZMY12AB0182AAD,Million Miles,543.97342,0.44793548048,rock
SOIOAIN12A58A7A9A5,I Don't Want To Let You Go,228.44036,0.776167742324,rock
SOJJVKE12A8C139252,My God  (Audio Adrenaline Album Version),219.11465,0.516234384084,rock
SOASRSU12AC960D99A,Ballin' the Jack,113.97179,0.566912407282,country
SOXQPRR12AB018091F,22 (Acoustic),187.24526,0.53540837923,pop
SOQLCJK12AB018DB42,Revolver [Tracy Young's Shoot To Kill Remix],564.94975,0.655283798415,pop
SOMNRTW12AB0185CDE,Old Gobbler the Hound Dog,119.90159,0.438168226182,country
SOZVNIV12A8C133A48,Hey Louise,181.15873,0.564005985821,pop
SOUCHOR12A58A81155,I Want You (Album Version),246.09914,0.670106172837,country
SOBFLPE12A6D4F8687,Ain't No Sunshine,251.66322,0.766545450757,pop
SOWPTXM12AF729D122,Matilda Mother (Stereo) (2007 Remaster),187.42812,0.638906376718,rock
SOLXSAG12AB01874BD,Morning Glow,217.96526,0.766545450757,pop
SOQZOZZ12A6D4F8134,Lies,242.33751,0.512229189391,rock
SOCGAOT12A8C138D1C,Le chanteur malheureux,197.25016,0.385583660789,pop
SOUAGDY12A6D4F63CF,Strange Days ( LP Version ),186.56608,0.584116573124,rock
SONAEER12A67020459,Emit Remmus (Album Version),240.19546,0.576903815588,rock
SOUSWBE12A679AE573,Moses,208.32608,0.514523378441,country
SOQLLHX12AF72A3586,The Space Between,293.66812,0.657583813676,rock
SOKSSEC12AF72A3D89,Intro/Chamber The Cartridge,214.88281,0.625080480974,rock
SOSBYVZ12A6D4FBBF2,I Cried All The Way To The Altar,148.40118,0.468511466476,country
SOSCFFU12A8C134C67,Got The Bull By The Horns,131.81342,0.438168226182,country
SOGOPDF12A8C1356A9,Leader (Album Version),169.84771,0.5423950935,pop
SOUHJKU12AB017DF67,Stop Whispering (US Version),250.8273,0.683658060202,rock
SOGRKPG12A58A7ADF7,Around And Around,183.17016,0.776037656053,country
SOXODEF12A8C13B056,El Momento,302.8371,0.494381209086,rock
SOIDEVL12A8C135667,Soldats Ne Tirez Pas,191.73832,0.338999979193,pop
SOJDHGS12A6310D85E,Rocks Off,272.43057,0.776037656053,country
SOILEMF12CF530E512,You Can't Hurry Love  (LP Version),172.93016,0.584836888719,pop
SOJJAKJ12A6D4F951B,Wildcat Days (1999 Digital Remaster),274.28526,0.561830537939,rock
SOLIQUE12A58A78306,Warning,291.81342,0.579441937886,rock
SONJMCI12AB018B16A,Remember Me Lover (Album Version),454.16444,0.507965802159,rock
SONISVG12A8C13EB34,Last Good Time In Town,427.36281,0.629514800013,rock
SOJFJVJ12A8C139F83,Please Me (24-Bit Digitally Remastered 02),217.73016,0.501597042323,rock
SOIWOPZ12A8C135EBA,On The Road Again,217.23383,0.610731462904,rock
SOJAWYZ12A67ADE3EC,Albinoni's Adagio In G Minor (LP Version),272.45669,0.584116573124,rock
SOIRBSI12A58A7A859,Escape ( LP Version),210.70322,0.594627866944,pop
SOPXTAX12A6D4F573B,Summer Shudder,187.03628,0.554938522475,rock
SOBSOLH12A58A7E673,Atomic Beat Boy (Album Version),216.76363,0.34700692093,pop
SOJYNQE12AB0186EAB,Rette Mich Später (Michael Ilbert Radio Mix),234.34404,0.397569595443,pop
SOXOKBA12CF54651D5,I'm Running Out Of Love,125.33506,0.603876486918,country
SOCOMAW12AB017EE59,You Were Only Fooling,135.8624,0.456080519824,pop
SOIQENV12A8C133A29,Lonesome To The Bone,162.29832,0.735208877747,country
SOCIAAX12A58A7CEDB,The Ghost At #1,216.60689,0.444904176667,pop
SOXTCSF12A8AE4628A,Ring The Alarm,161.38404,0.612067268298,pop
SOUPVWK12A6310EF7A,Fast-Track,197.45914,0.683658060202,rock
SOHQASI12A58A78CDC,Hunter And The Hunted (Live),352.44363,0.503362447997,pop
SOQTLMB12A58A7DBFF,Sanctify Yourself (Extended Remix),435.3824,0.503362447997,pop
SOUQDHF12A8C13B70C,My Prerogative,213.18485,0.631289507585,pop
SOOWOMX12AB018844A,Ol' Mother Earth (Album Version),187.32363,0.403509673363,country
SOYINSW12B0B80BEBD,Between Love & Hate,191.29424,0.587194101519,rock
SOYYIRG12A8C13656A,Indian Queen,57.44281,0.531399329244,rock
SOHYVTD12A8C130A40,When A Man Loves A Woman,183.11791,0.462367839987,pop
SONELCM12A8C14114B,All Your Love [Live 1999],272.16934,0.467110648585,rock
SOXVCSA12A8C137504,Everyday,324.93669,0.488181389999,pop
SOHCYND12AF72A3CD9,Deliverance,190.9024,0.675117718829,rock
SOGTHVT12A6D4FC435,The Grand Vizier's Garden Party (Entrance) (1994 Digital Remaster),60.13342,0.638906376718,rock
SOGHBHI12A6D4FA67E,Soul Simplicity,274.78159,0.501825943654,rock
SOPMGRB12A6701E98E,Livin' On The Edge,324.07465,0.610731462904,rock
SOESVVP12CF5F8799A,A Whiter Shade Of Pale,316.76036,0.621085212055,pop
SOSDYAS12AB0180457,All Of This,280.00608,0.582346373958,rock
SOFOAIA12A8C136186,Saturday Night's Alright (For Fighting),223.99955,0.779968004597,rock
SOUTRYP12A8AE46BC6,Inoculated City,130.63791,0.601186059455,rock
SOAMORU12A8C137E6F,Voici Les Clés,227.39546,0.338999979193,pop
SOBRZCG12A6702187D,White Light,128.41751,0.605191152965,rock
SOZYDBD12AF72A30E7,1000 Good Intentions,187.66322,0.625080480974,rock
SOSDWNM12A8C140DCC,Haunted House,155.11465,0.370138414326,rock
SOZQVBA12A8C13CAAD,Nature's Disappearing,292.91057,0.405234690787,rock
SOMTTIL12CF5465225,Raise Your Hand,137.79546,0.559925868569,rock
SOZZPYH12AB0187578,Lost In The Future,225.82812,0.447386029272,pop
SOGZRCP12AC960D91D,Bigbigkiss,213.39383,0.34700692093,pop
SOBUVXZ12AC9075605,Calm Down Dad,143.15057,0.34700692093,pop
SOFOXRS12AB017BD2E,Xin Bu Liao Qing,232.48934,0.360813234574,pop
SOYIXMY12AF72A0734,Working On The Highway,191.99955,0.838095532425,rock
SOOQPIK12A6701F1C5,Fortunate Fool,228.70159,0.677482479432,rock
SOVZKIS12AF72A0A93,Vietnamese Baby,234.84036,0.479308459338,rock
SOFHVPF12A8C134ED7,Angry Chair,262.47791,0.582921576451,rock
SOBMWTE12A8C13C2AF,The Modern Rome Burning,299.80689,0.524378987515,rock
SOXLEKB12A8C1338EE,Spawn (Again),207.56853,0.536219992815,rock
SOLJQBW12A6702187B,November Has Come,160.96608,0.605191152965,rock
SOUKMIK12A6D4F671E,Ja Nun Hons Pris,35.65669,0.561830537939,rock
SOANWEY12A58A7B504,Tripping Billies,289.09669,0.63858801235,rock
SOWEUOO12A6D4F6D0C,Given Up (Album Version),189.28281,0.79114300239,rock
SOHJIWJ12AB0184EF9,Dope Nose,137.37751,0.776167742324,rock
SOLVZZO12A8C130E19,Give It Up Or Let Me Go,296.30649,0.57690228099,country
SOPTTLQ12A58A7B12B,6TH Avenue Nightmare,159.89506,0.512229189391,rock
SOZVZWP12A58A7BAD1,Show Me (Acoustic Version),117.78567,0.58001318294,pop
SOFZXTF12AB018D64B,This Ain't A Love Song,432.97914,0.71889145567,rock
SOGRPFI12A8C1349A6,Intro. & Hello Young Lovers (Live) (2000 Digital Remaster),124.9171,0.469425907976,pop
SOKHYFG12A63110822,Rock The House (Explicit),249.93914,0.605191152965,rock
SOCZUUF12A58A7BE8C,Wildflower,253.83138,0.71889145567,rock
SOYEVCP12AC9E17E09,Someday (I Will Understand),1.04444,0.607257279581,pop
SOONWRV12A8C138371,Fall Line,136.30649,0.643072292611,rock
SOQUAIH12AB0181406,I Wanna Be Where You Are,182.7522,0.766545450757,pop
SOCYTTZ12A8C1316EC,What If I Forget The Champagne,312.76363,0.464886257132,rock
SORKPES12A8C137BFA,I'd Rather Have Jesus,161.48853,0.410541103123,country
SOXMDLV12A6701E69E,Cell (Album),293.72036,0.473700501297,rock
SOHWHCE12A8C133385,Shenandoah,201.27302,0.410950258432,country
SOCORMS12A67AE124F,Devil's Daughter,262.97424,0.359185992752,rock
SOILVKO12A8AE486B1,A Little Of You,236.61669,0.523699077765,pop
SORNYFV12AF729F4A0,El Mar No Cesa (Live),198.89587,0.524063332776,rock
SOEFBHK12A8C1350A0,Mythodea - Music for the NASA Mission: 2001 Mars Odyssey/Movement 7,297.76934,0.473700501297,rock
SOBKDCU12A6D4F80F6,Girl You're So Together,188.99546,0.808502136703,pop
SODYMIJ12AB018C2D5,Once I Had A Woman,469.60281,0.59506940727,rock
SOXZMDS12A8C1354C7,Baby's On Fire,316.99546,0.545975531063,rock
SOHPXSL12A8AE47FCB,Make That Money (Scrooge's Song) (Album Version),209.47546,0.607792751463,rock
SOXQZOE12A8C137367,Someday,236.5122,0.787005468689,pop
SOCKUUJ12A6D4FA41C,Lotion (LP Version),237.73995,0.60172975571,rock
SOTJZBJ12A8C143A71,Be My Lover,197.90322,0.607792751463,rock
SOLIBHA12AB018800D,Following You Around (Album Version),192.96608,0.23232848937,country
SOCPHKW12AB0182D36,Sodding About,167.44444,0.587039629966,rock
SOSHGBG12A8151BD89,Who Are You,188.65587,0.642982219877,rock
SOHWCXW12A6D4F801E,St. Louis Blues (24-Bit Digitally Remastered 99),134.81751,0.477260389684,pop
SOBLUQR12A67021450,Primary,209.60608,0.578993548664,pop
SODCZSU12AB018306C,I Stayed Long Enough,119.90159,0.409196035655,country
SOJBLJQ12A67ADAF0F,The Radio Saved My Life Tonight,314.20036,0.71889145567,rock
SOCYVUM12AB01822C0,Son Of A Bitch,243.98322,0.479204557694,rock
SOXNERI12A6701E92E,What It Takes,314.27873,0.611117503433,rock
SOBUHSM12AB0181ED6,There She Goes Again,163.81342,0.623835200923,rock
SOCHBAR12AB0187BA9,Into The Groove,285.09995,0.665576619159,pop
SOOSTAD12A8C133F0B,Mädchen mit Plan,272.95302,0.397569595443,pop
SOHIHSR12AB0184E8F,Everyone's At It,277.83791,0.53540837923,pop
SOPMAEU12A67AE0C81,The World Turned Upside Down,269.34812,0.916053228284,rock
SOMNOUE12A8C130DDE,Reminisce For A While (Sung With Raul Malo),267.57179,0.564005985821,pop
SOLHEQX12A8C135403,Honey,314.122,0.787005468689,pop
SOGSOTK12A6D4FA596,Josephine (French Edit),236.35546,0.500691340913,rock
SOUVHAM12A6D4FA42A,Korea (LP Version),203.59791,0.60172975571,rock
SOKETYB12AB018308E,It Is No Secret (What God Can Do),148.00934,0.409196035655,country
SOHDZDZ12A6D4F7238,Crawlspace,173.60934,0.591628024008,rock
SODQFQC12A8C13FD7A,Good Enough,331.36281,0.705757553231,rock
SOJTYYE12A6D4F956E,Fen Shou Zong Yao Zai Yu Tian,287.4771,0.413772173138,pop
SOBUHQT12AB0186C07,Mr. Wonderful,200.6722,0.477260389684,pop
SONJEYU12AC468C050,The Battle Of New Orleans,148.79302,0.438168226182,country
SOJAMMF12A58A7656D,Take Her Out,239.35955,0.582921576451,rock
SOFEQWY12A6D4F94CC,2HB (1999 Digital Remaster),194.61179,0.561830537939,rock
SOULIKU12A58A78CE2,February Song [Live],311.14404,0.755149913058,pop
SOFKEIK12A6310D86A,Stop Breaking Down (1994 Digital Remaster),274.18077,0.735765692951,country
SOKRMXG12A8C13AB54,Song Of The Valley,307.22567,0.481655862412,rock
SOLIGLL12AB018C551,Blueberry Hill,155.53261,0.414589569693,country
SOALPEZ12A8C132E29,Frankie And Johnny,163.52608,0.414589569693,country
SOFBCXN12A8C13C8C8,Pick Me Up On Your Way Down,160.62649,0.628246419191,country
SOICDVR12AC3DFB6F6,I'll Be Better,260.98893,0.350688006846,pop
SOABRXK12A8C130A36,Saturday Love,301.45261,0.462367839987,pop
SOFJJXH12A6D4F8104,Move On,191.55546,0.380979549774,rock
SOMXGSM12A8C130A2C,Unbreak My Heart,267.25832,0.462367839987,pop
SOBCBQB12A8AE47374,Looking Back,157.20444,0.405234690787,rock
SOODZRY12A6D4F81A0,It's All Understood,215.87546,0.643072292611,rock
SOADCFY12A6310E353,Rock The House (Radio Edit),183.53587,0.605191152965,rock
SOSBXWX12A6701D235,Patience,402.36363,0.71366981958,rock
SOLQETH12AB0181E42,My Way (Alternate Studio Version),176.5873,0.549204383877,rock
SOYYFNE12AB018A96D,Die Romantic [Live],241.03138,0.500459150659,rock
SOMNXCC12AB0187BE7,Papa Don't Preach,269.58322,0.655283798415,pop
SODIDOO12A58A794E4,The Meantime,209.34485,0.5423950935,pop
SOFHZSP12A58A79004,Are You The One?,281.0771,0.524449470713,rock
SOKESRD12A6701E91C,Everybody's Gonna Be Happy,155.61098,0.552413345517,rock
SOFCCPN12A8C1435FE,All Things Must Pass (2009 Digital Remaster),226.40281,0.541602502515,pop
SOFRINM12A6D4F7B10,Threadbare Gypsy Soul,295.75791,0.566138398011,country
SOHELDA12A8C133D75,En La Tierra Caliente,231.60118,0.316692161547,pop
SONCELS12A58A7D2A7,No Ordinary Love (Remastered LP Version),334.75873,0.60172975571,rock
SONBEKD12AB01894DC,Times Like These [Live From Red Rocks],157.07383,0.694128502959,rock
SOQJDEK12A8AE45E7A,I'm Alive (BT & Sasha Mix),828.05506,0.58001318294,pop
SOPOCDY12A8C13F75A,4 Minutes [Featuring Justin Timberlake and Timbaland] [Bob Sinclar Space Funk Remix],339.35628,0.665576619159,pop
SOKINCY12A6D4FB7CD,Linoleum (live),135.52281,0.554291489013,rock
SOCDLUF12A8C13F13F,Tour De France Étape 3 (2009 Digital Remaster),236.2771,0.520412110054,rock
SOGIMLG12A8C13A2C8,Mein Herz kann man nicht kaufen,162.79465,0.399579658168,pop
SOJNQAS12A8C134963,Music For The Head,162.06322,0.507965802159,rock
SOINODQ12CF5826752,Dirty Harry (Single Edit),230.47791,0.645872310613,rock
SOWXFNB12A8C13F8F3,Heaven And Hell (Part II),1280.88771,0.473700501297,rock
SOXZAGF12CF5827515,Amazing,266.94485,0.545730700114,pop
SOMKGQN12A8C1339D2,Blue Orchid,160.31302,0.653897217428,rock
SOPDFZN12A670215C4,Why Can't This Be Love (Remastered Version),228.33587,0.579988982429,rock
SOEFXUF12AB018418B,Unwanted,260.44036,0.598596744615,rock
SOCPGGC12A6D4FC2B9,She Hui Ge (Movie 2nd Song - Love Undercover 3),205.24363,0.386638122894,pop
SONSCMZ12A6D4F6EE9,(The Best Part Of) Breakin' Up,182.83057,0.533885536481,pop
SOAZXQK12A6D4F9D99,Buckle Down (2002 Digital Remaster),203.96363,0.57620196628,rock
SOMWKPQ12A679D8AEA,De Do Do Do_ De Da Da Da,249.18159,0.642655961125,rock
SOPHDZJ12A6D4F95CD,Il Y A Une Question (Live),328.14975,0.343844499414,pop
SOUNPPV12A8C13F5D3,The Song Remains The Same (2007 Remastered Album Version),330.78812,0.63441238493,rock
SOAOPCG12AC468D27E,Everything In Its Right Place,249.93914,0.675887011418,rock
SOQRIGO12AB018A90E,House Full Of Bullets,415.4771,0.622208960129,rock
SOHGPEC12A8C13BBE8,Better Life,203.2322,0.642982219877,rock
SOKFFSS12A8C1316E3,The Kid's Last Night (heaven is in the mountain),425.37751,0.4204126176,rock
SOQBMLT12A8AE45F50,Shoot The Dog,308.76689,0.545730700114,pop
SOQBXKB12AB018A727,Fair Enough (LP Version),220.05506,0.284126948989,country
SOJNARC12A8C131B70,Polly's Dress,71.05261,0.453435791193,country
SOEHISP12AB0188417,Darling_ I Want To Destroy You,223.29424,0.554938522475,rock
SOVHKAC12AB018C763,Let It Be Me,226.58567,0.480575192777,pop
SOEZXGQ12AAA8C65E3,House Of Pain,199.10485,0.579988982429,rock
SOMMJVR12A6D4F98E0,Hard To Concentrate (Album Version),241.84118,0.576903815588,rock
SOQLHDY12A6D4FA28B,Nothing's The Same (2002 Digital Remaster),306.72934,0.467110648585,rock
SOZNZIN12A6701E95F,Janie's Got A Gun,329.69098,0.610731462904,rock
SOBHHUS12A58A78589,Once,364.64281,0.776303263519,rock
SOCUCXZ12A8C130EAE,Knucklebuster,319.4771,0.414578836544,country
SOLDPNN12A6D4F7B46,Josephine,308.45342,0.500691340913,rock
SOTRDVJ12A8C13975E,Savin' Me,217.62567,0.779968004597,rock
SOTDYKK12AB0184B0B,Roll Old Jeremiah,263.52281,0.536400010793,rock
SOVTZTF12A8C130A1A,Secret Lovers (Featuring Mica Paris),268.2771,0.462367839987,pop
SOUEBEX12A8AE47BBC,Little Bird,385.01832,0.621085212055,pop
SODQZAW12AB0184A51,You Never Wash Up After Yourself (Live),102.45179,0.604666876351,rock
SOLSJHM12A8C139B46,Can't Make You Love Me,196.80608,0.631289507585,pop
SOTPQIM12A6D4F91BC,Main Street Eyes,221.43955,0.573554543514,rock
SOCFLRO12A6D4FA981,Yo Yo Man (Garter Belt),332.32934,0.403509673363,country
SOQEATT12A6D4F56DD,Murder In The Graveyard,184.05832,0.338129864282,rock
SOIENMA12A6D4F9E0F,Comfortubly Numb,499.69587,0.638906376718,rock
SODYKTT12A58A7BB18,We Three Kings,329.45587,0.37225120793,rock
SOMTXSB12AF72ACC38,Oops!...I Did It Again,211.01669,0.607257279581,pop
SOLIBLI12AB0180FBB,Half As Much,148.1922,0.414589569693,country
SOZDJWF12A6D4F9682,Final Straw (Album Version),246.17751,0.623835200923,rock
SOWFUUS12AB01800E7,If Today Was Your Last Day (Album Version),248.05832,0.779968004597,rock
SOEYALK12A8C143123,Foolish Little Girl,132.33587,0.379137555625,pop
SONJNMA12A6701DFDE,Inaudible Melodies,207.09832,0.694128502959,rock
SOPUCKL12A6D4FB5A6,The Coloness Of The Chain,329.35138,0.403509673363,country
SOTNLYM12AB0181695,La Otra,221.20444,0.389877126421,pop
SOJTAWE12A6D4F8EAC,The Trial_ Were You Scared? [The Lost Interview Tapes - Volume Two] (LP Version),298.39628,0.584116573124,rock
SOWLJJD12AF729D3F5,Here I Am,120.65914,0.5423950935,pop
SOHKLFL12A6D4FA150,Kill Your Darlings,201.24689,0.501825943654,rock
SOTPQTD12A58A7E19B,Down And Out In Paradise,216.86812,0.516771087457,pop
SOBMGUW12A8AE4726A,Cum,168.30649,0.359185992752,rock
SOOTLIP12A6D4F95BC,Zhui Zhong,226.37669,0.413772173138,pop
SOYTUNS12A8C134C16,Honey,301.19138,0.787005468689,pop
SOSAQJU12AC90755D2,Born To Be Together,177.81506,0.533885536481,pop
SOFFUHF12AC4689476,Leo_ Are You Still Jumping Out Of Windows In Expensive Clothes?,125.70077,0.417172932215,pop
SOKJUPL12A6D4F8383,Atrapados En La Red,405.41995,0.316692161547,pop
SOCJPAI12AB0185DB1,Trash (live Paris),210.85995,0.479308459338,rock
SOBPTED12A6D4F99C7,You Can't Hurry Love (Live),174.23628,0.578301633597,pop
SOIKNYT12A8C134A20,40,406.85669,0.750311503248,rock
SOKDPUY12AB0184594,God Gave Me You (Single/LP Version),245.81179,0.426892680868,country
SOURKHT12A58A7F3E6,Tell The Truth (Album Version),327.26159,0.313211944773,pop
SONEGFT12A8C142567,Heart Trouble,198.42567,0.628246419191,country
SORLVXI12A8AE45E37,Prayer For The Dying (Live In Paris),304.14322,0.58001318294,pop
SOGMTCP12A58A81E46,Go And Wash (Those Dirty Feet),138.86649,0.438168226182,country
SOIFMVY12A8AE467B1,October,142.23628,0.825639110796,rock
SONNYOP12A8AE45715,You Can Do Better Than Me (Album Version),119.40526,0.601427203912,rock
SOCVTCQ12AB01848FC,Song Sung Blue,194.40281,0.564005985821,pop
SOKIZGL12AB018342D,You (Demo),204.06812,0.604666876351,rock
SOGOBIT12AB01899DE,If I'M Dreaming just Let Me Dream,173.06077,0.566912407282,country
SOQAUIF12AC46861CF,Better Days (Album Version),207.80363,0.670106172837,country
SOPZHFK12A8C135493,Adrift,236.19873,0.643072292611,rock
SOFGAJF12A8C141DA3,Fools Like You,280.65914,0.44793548048,rock
SOULPEW12A8C13E4F7,4 Minutes [Featuring Justin Timberlake And Timbaland] [Junkie XL Remix Edit],277.99465,0.655283798415,pop
SOCMYLF12A67020A4D,Tell Your Momma Come,196.362,1.00594196595,pop
SOOZDSM12A8C13D39D,3 + 3,575.58159,0.473700501297,rock
SOVPTBI12AB01879CF,Anything's Better Than Feelin' The Blues,181.86404,0.628246419191,country
SOPHBYD12A6D4F6980,Stainless Steel Gamelan,624.66567,0.481655862412,rock
SOXOKQF12AB018C079,Neon Psychedelia,295.36608,0.508558252473,pop
SOSMFPM12A6D4F8577,Papa Legba (2005 Digital Remaster),355.73506,0.540157744296,rock
SOJAVUK12AB017EC7E,Start Me Up,242.20689,0.776037656053,country
SOFCTSL12AB0181111,Love Is What We Make It,258.89914,0.61999595034,country
SONRIJJ12A6701FD0A,Marvel Hill,255.39873,0.528302262284,rock
SOTRPCV12A6D4FAB31,I Don't Wanna be a War Hero,99.00363,0.524378987515,rock
SOXHWKH12AB0184221,Cycle Time,136.17587,0.4204126176,rock
SOCXOJF12A6D4FCD91,Strip The Soul (album version),441.88689,0.507965802159,rock
SOYYLQI12A58A7FADA,Having A Little Talk With Jesus,133.69424,0.566912407282,country
SOUMBKO12A8C135722,Reefer Head Woman,241.8673,0.611117503433,rock
SOPTODT12AB018CE5C,Good Morning Captain,202.91873,0.536400010793,rock
SOHLPTB12AF72A6B20,Ain't She Sweet,130.95138,0.840462688027,pop
SOAAXAK12A8C13C030,Immigrant Song (Album Version),145.05751,0.63441238493,rock
SOVOEOG12AF729F7DF,Human Being,344.45016,0.479308459338,rock
SOWCUAM12AB0184D1D,Le Droit Des Pères (Live Electrique),299.49342,0.343844499414,pop
SOQQWFU12A8C132F42,Roses,209.00526,0.536219992815,rock
SOPTYJX12A6701CDC6,Things I Don't Understand,295.67955,0.916053228284,rock
SOJHUKL12A58A7E7FD,Gloria (In The Name Of Love Album Version),285.83138,0.516234384084,rock
SOCMIGC12A6702090E,Celluloid Heroes,336.84853,0.71889145567,rock
SOPJOQM12A6310F137,Every You Every Me (Infected By The Scourge Of The Earth),237.94893,0.586433378718,rock
SOBRVEP12AC468E74B,Volvere,164.33587,0.431448034568,pop
SOALARU12A8C131632,Brooklyn On A Saturday Night,224.57424,0.564005985821,pop
SOCXBQG12AF72A7CBD,Arco Arena,91.32363,0.650665868274,rock
SOVMQSA12A58A789E3,The Gre(A)t Depression,188.55138,0.524378987515,rock
SOUXUOP12A8C14318F,Say Goodbye,247.24853,0.543706050517,rock
SOUZIIN12AB017FB85,Stephanie Says,170.89261,0.498497972686,rock
SOBXWUS12A58A7DF5C,Please Come Out Tonight,346.5922,0.578301633597,pop
SOWWSFI12A6D4F8B25,All Alone (Live),219.37587,0.605191152965,rock
SONBWVW12AB0186FFB,5 Foot 1,300.77342,0.573554543514,rock
SOGRKOS12AB0185A46,Streets On Fire,229.61587,0.452102264925,rock
SOKZTHA12A8C134830,Good Girl Gone Bad,213.26322,0.908202619208,pop
SOGHXZH12A8C1388B9,Heaven Can Wait,289.38404,0.766545450757,pop
SOOSBQP12A8C1353B6,Anytime You Need A Friend,652.40771,0.787005468689,pop
SOBEVGM12A67ADBCA7,Baby Boy [feat. Beyonce],245.34159,0.619431422311,pop
SOXPJDT12A8C131F4D,Coyotes (Album Version),218.22649,0.755334784437,rock
SOYUBHZ12A8C136E79,Streamline,217.59955,0.587916678788,rock
SOYHHHT12A6D4F7F97,One More Night,285.98812,0.578301633597,pop
SOOBDVS12AB0188EA4,Lullaby For The Summer,228.91057,0.59506940727,rock
SOHTWIB12A8AE46192,You Never Cry Like A Lover (LP Version),240.97914,0.629514800013,rock
SOPZYXX12A8C1316F8,Till We Ain't Strangers Anymore,318.09261,0.71889145567,rock
SOAPQSY12A6310E055,Stumble,340.11383,0.623835200923,rock
SOCGIWH12A8AE4704F,Death Or Glory,227.57832,0.601186059455,rock
SOMOWDB12AF72A8AE2,Drum Machine Joy,215.24853,0.537675628064,rock
SOOHOXD12A6310E8C6,Queen Of The Hours (2001 Digital Remaster),205.40036,0.531399329244,rock
SOFZXEV12A8C13A407,Pub Pusher,264.22812,0.396490351912,rock
SOUXANT12A6D4FB048,Hunger Strike,243.9571,0.48894420136,rock
SORSIAC12A8C140BD9,The Murder Prologue,69.90322,0.543954417056,rock
SOUEHCD12AB0188F80,Here Without You,232.07138,0.608849018571,rock
SOABFNB12AB0180FAA,Cool Water,153.36444,0.414589569693,country
SOBXWEZ12A8C141D7C,This One's For You,209.13587,0.543706050517,rock
SOXPJYV12A8C146554,I'm So Bored With The U.S.A.,140.77342,0.601186059455,rock
SOPAPHW12A8C13C373,36 Grad (Paul van Dyk's Vandit Clubmix),449.38404,0.397569595443,pop
SONTXFB12A8C145C15,Don't Stop,223.89506,0.575501205145,rock
SOEYFZV12A8C13C4A7,Sally Can't Dance,211.66975,0.481975849154,rock
SOUKZLZ12A6D4F869D,The Blinding Sun,117.18485,0.406626217422,rock
SOOQDTX12A6701F09A,Soot and Stars,399.98649,0.64722472378,rock
SOYDZAD12A67020BDB,Future/Now (LP Version),381.30893,0.451466060363,rock
SONOBCB12A8C1397B9,Touch My Body,273.52771,0.787005468689,pop
SOLXZLR12AB018459D,Love Happens Just Like That (LP Version),166.24281,0.426892680868,country
SOFEETM12A8C13D151,Teenage Queen (Album Version),206.8371,0.500459150659,rock
SOJEUFH12A8C1360BB,The Golden Rocket,123.402,0.438168226182,country
SOHYYEY12AB0185DAD,Losing True (Album Version),295.13098,0.37225120793,rock
SOQNKLO12A8C13EDA9,Salamanders In The Sun,305.94567,0.543954417056,rock
SOWZGGJ12AAF3B583F,Love Like This,341.41995,0.769674279295,pop
SOHQAKK12A8C131323,War?,160.49587,0.609262136002,rock
SOKRSGZ12A6D4F7EAE,I Can't Wait Until Tomorrow (Live),724.92363,0.467110648585,rock
SOKMZQL12A58A76B19,Believe (Album Version),258.40281,0.755149913058,pop
SOYQDEB12A6D4F8FB4,C'est Toujours Le Matin,210.18077,0.343844499414,pop
SOUZUPV12A6701E56D,Only Lonely,302.28853,0.71889145567,rock
SOTFFLU12A679AE5C4,Let Him Fly,191.39873,0.514523378441,country
SORPYHC12A6D4F9F58,Roadhouse Blues (Live In Detroit) (LP Version),403.61751,0.584116573124,rock
SOZBKLM12A58A78692,Outside,286.30159,0.787005468689,pop
SOORFMU12A8C13C17C,She Spoke 2 Me ( Extended Remix LP Version),500.29669,0.594627866944,pop
SOZMKQQ12A8C142021,Empty Bottles,41.16853,0.368455090652,rock
SOEDPQL12AF72AB07B,The Gold It's In The ... (1996 Digital Remaster),188.1073,0.638906376718,rock
SOULCSR12A58A7AAB7,No Volveras A Mi,208.09098,0.435144671678,pop
SOLDKKK12A6D4FD12B,Bath Of Least Resistance,108.12036,0.554291489013,rock
SOHQYKY12AB017A589,Would?,223.26812,0.582921576451,rock
SOSKFIT12A8C14224A,Sweet Child O' Mine,445.17832,0.71366981958,rock
SOFSRCP12CF5CFD696,Testify,392.82893,0.584836888719,pop
SOBBQDL12A58A7A988,100 Club 1996 ''We Love You Beatles'' - Live,88.73751,0.549204383877,rock
SOHGJUI12AF72A724F,2 + 2 = 5,198.47791,0.604666876351,rock
SOSKWGF12A8C141C39,Explode,274.05016,0.528302262284,rock
SOXFQVY12A58A7B456,Everyday,343.43138,0.578301633597,pop
SOCAOQG12A8C14464E,Hi De Ho,352.20853,0.469425907976,pop
SOVTZPG12AC468E907,All Creatures Of Our God And King,256.39138,0.514523378441,country
SOGOLHP12A8AE47A0D,"Theme From ""Come September"" (LP Version)",155.6371,0.469425907976,pop
SOXPWVH12A8C13B68E,4 In The Morning,294.19057,0.532803541797,pop
SONDXDP12A6D4F866C,Cajun Baby (LP Version),161.88036,0.383140731021,country
SODSJMZ12AB0185E52,Goin' To The River,210.54649,0.607792751463,rock
SOATSTU12AF72A64DF,Stampede,207.12444,0.505012391947,rock
SOKRZJY12AB0187E80,Human Being (1972 demo),354.01098,0.479308459338,rock
SOKPJHH12A8159E967,Life's Railway To Heaven,175.41179,0.468511466476,country
SORUEDG12A8C13CFEF,Leather Prowler,265.09016,0.4204126176,rock
SOUNGLM12AB0187A31,Love Me,191.81669,0.575501205145,rock
SOZLAER12A58A7CA05,The Witching Hour,262.79138,0.405234690787,rock
SOZWCKB12AB0186C5B,Diamond Eyes (Album Version),188.26404,0.60172975571,rock
SOOOWIC12A6701C7E5,Crazy,318.61506,0.610731462904,rock
SOBNCYQ12AB01876B5,Mykel And Carli,172.14649,0.776167742324,rock
SOTLQAD12A8C1432B4,Zephyrus,247.97995,0.537799608198,rock
SOFRTDY12A6D4F662E,Don't Waste My Time,193.12281,0.397517215821,rock
SOCOZST12A67020452,Parallel Universe (Album Version),269.34812,0.576903815588,rock
SOBCMRK12A8AE488DF,Dangerously In Love Medley,419.70893,0.619431422311,pop
SOIUUCE12A6D4F7E2B,Lullaby [With Ladysmith Black Mambazo] (Album Version),152.0322,0.755149913058,pop
SOGDJWU12A58A7DA10,Baal's Hymn,243.06893,0.594733860303,pop
SOTCLHP12AB0180336,Looking For A Kiss,190.74567,0.549204383877,rock
